date,title,introduction,ingredients,instructions,notes
2022-12-15,mochi corn cake,,"['2.5 cups corn kernels, preferably fresh cut from 2-3 cobs', '1/2 cup full fat coconut milk', '1/4 cup butter, melted and cooled slightly, plus more for greasing baking pan', '3/4 scant cup granulated sugar', '2 large eggs', '1/2 tsp vanilla extract', '2 cups glutinous rice flour (I use Koda Farms Blue Star Mochiko)', '1 tsp baking powder', '1/2 tsp salt']","['Preheat oven to 350°F non-convection.  Grease a 8x8 or 9x9 square or round pan. Blend corn and coconut milk until very smooth.  Blend in the other ingredients until smooth.  Pour into greased baking tray and knock out bubbles.', 'Bake for 45 minutes to 1 hour.   Let cool completely then cut.  Store on counter up to 24 hours or fridge for longer.']",Reference: https://www.foodnetwork.ca/recipe/sweet-corn-mochi-cake/
,tomato bisque,,"['olive oil', '1 (28 oz) can whole tomatoes (Bianco DiNapoli recommended)', '1 (15 oz) can full-fat coconut milk', '1 onion; diced', '3-4 garlic cloves; sliced', 'salt and pepper', 'maple syrup', '1 red bell pepper; cut into chunks (optional)']","['Heat a few glugs of olive oil in a pot over medium heat.', 'Add onion and cook until browning and caramelizing, about 10 minutes. Optionally, add red bell pepper. A little salt may help the onions break down.', 'Add garlic and cook for 2–3 minutes.', 'Add tomatoes and break them into smaller pieces using a meat masher or potato masher. Simmer for a few minutes.', 'Add coconut milk and a few cracks of pepper. Bring to a simmer for 5–10 minutes.', 'Use a stick blender to blend to desired consistency.', 'Simmer for another 5–15 minutes, keeping the temperature low to prevent burning.', 'Taste for seasoning and adjust with salt and maple syrup as needed (about 1 tsp of maple syrup recommended).']",- Should be served with grilled cheese. A better option is grilled cheese with kimchi or sauerkraut. - Simmering longer will develop a deeper flavor. - Cooking times are approximate; keep the temperature low to prevent burning. - Can be doubled at 100%.
2018-02-09,steamed basmati rice,,"['1 cup basmati rice', '1.5 cups just boiled water', '1-2 Tbsp neutral oil', '1 pinch salt (3/4 tsp salt)', 'spices: panch puran (ideal), cloves, cinnamon stick, black peppercorns, cumin seeds, mustard seeds, curry leaves (all optional)']","['Rinse rice under cold water a few times or until it runs clear.  Cover in cold water and let sit for at', 'Heat oil in a broad pan (at least 12–14"").  If using spices, add to the hot oil and fry until fragrant.', 'Add drained rice and the salt and toss to coat.  Dump in just boiling water and bring pan to an aggresive boil.', 'Once boiling, cover, turn heat down to low and let cook for 10 minutes.', 'Keeping top on, remove from heat and let steam in residual heat for another 10 minutes.', 'Serve with tasty curries.']","Some combinations of aromatics I enjoy are a cinnamon stick and cloves, or cumin or mustard seeds and curry leaves. Can be scaled 100% when doubling, but reduce to 2.5 cups boiling water."
,mushroom rice soufflé,,"['16 oz mushrooms; thinly sliced', '1 white or yellow onion; diced', '4-5 oz Parmesan; grated via hand grater or powdered in a blender', '2 green onion; thinly sliced including the white', '9 eggs', '3 Cups (rice cooker cup) white rice', 'olive oil', 'salt and (optional) pepper']","['Preheat oven to 350°F.', ""Add olive oil to a pan and cook onion and mushroom until moisture is released. Don't need to fully brown. Season with salt."", 'Meanwhile, break 9 eggs into a large mixing bowl and lightly whisk to combine.', 'Add cheese, rice, and green onion and season with salt and pepper if using.', 'Once cooked, fold in onions and mushrooms.', 'Can cook a tiny bit in a pan to test seasoning if desired.', 'Grease and split into two glass baking trays.', 'Cook for 15 minutes until the top is almost firm, then broil for 2 minutes to brown and crisp the top.', 'Let cool as long as possible, then cut and stack.']",- Rice can be cooked and stored in the fridge up to 3 days in advance. - 3 rice cooker Cups is 2 US Cups.
,creami watermelon sorbet,,"['1 Creami container of watermelon chunks (600g)', '1 lime; juice and zest', '1 pinch of salt']","['Blend all ingredients together until liquid.', 'Pour into a container and freeze.', 'Let sit for 10 minutes on the counter before processing.', 'Run on Sorbet mode.']",
2025-01-04,oatmeal scotchies,,"['1½ Cups (188g) all-purpose flour', '1 tsp baking soda', '1 tsp ground cinnamon', '½ tsp salt', '1 Cup (226g) unsalted butter, softened to room temperature', '1 Cup (200g) packed light or dark brown sugar', '½ Cup (100g) granulated sugar', '2 large eggs; room temperature', '1 Tbsp (15ml) unsulphured or dark molasses (do not use blackstrap)', '2 tsp pure vanilla extract', '3 Cups (240g) old-fashioned whole rolled oats', '1¾ Cups (300g) butterscotch morsels']","['In a medium bowl, whisk together the flour, baking soda, cinnamon, and salt. Set aside.', 'In a large bowl using a hand mixer or stand mixer fitted with a paddle attachment, beat the softened butter, brown sugar, and granulated sugar on medium-high speed until creamy and combined, about 2 minutes.', 'Add the eggs, molasses, and vanilla extract to the butter mixture. Beat on high speed until combined, scraping down the sides and bottom of the bowl as needed.', 'Add the dry ingredients to the wet ingredients and mix on low speed until combined.', 'With the mixer on low speed, beat in the oats and butterscotch morsels until evenly distributed. The dough will be thick and sticky.', 'Cover the dough tightly with plastic wrap and chill in the refrigerator for at least 45 minutes, or up to 4 days. Chilling is mandatory for this cookie dough.', 'When ready to bake, preheat the oven to 350°F (177°C). Line baking sheets with parchment paper or silicone baking mats.', 'Scoop about 3 Tbsp of dough per cookie and roll into balls. Place them on the prepared baking sheets, spacing them about 3 inches apart.', 'Bake the cookies for 12–14 minutes, or until the edges are lightly browned. The centers will look soft and undercooked.', 'Remove from the oven and allow the cookies to cool on the baking sheet for 5 minutes before transferring to a wire rack to cool completely.']","- **Storage:** Cookies stay fresh covered at room temperature for up to 1 week. - **Make-Ahead Instructions:** You can make the cookie dough and chill it in the refrigerator for up to 4 days. Let it sit at room temperature for about 10 minutes before baking. Baked cookies freeze well for up to 3 months. Unbaked cookie dough balls freeze well for up to 3 months. Bake frozen cookie dough balls for an extra minute; no need to thaw. - **Molasses:** Avoid using blackstrap molasses, as it is too bitter for this recipe. - **Oats:** Use old-fashioned whole rolled oats for the best texture. Quick oats are too fine and will make the cookies dry. - **Butterscotch Morsels:** Ensure they are fresh and not stale for the best flavor and texture."
2022-12-16,zuchinni pasta,,"['1 lb pasta; rigatoni or similar (probably not spaghetti, etc)', '1 yellow onion; small dice', '2 medium to large zuchinni; small dice', '4 cloves garlic; crushed and thinly sliced (or minced)', '2 Tbsp extra virgin olive oil', '1 jar (25 oz) tomato basil sauce', '2 Tbsp butter', '1 oz parmesan; grated', 'red pepper flakes', 'black pepper', 'salt to taste', '(optional) parsley; minced for garnish']","[""Bring salted water to boil and add pasta once it's rolling."", ""While it's coming up, heat a large pan over medium heat and add olive oil then onion. Cook for a couple minutes, tossing then add zuchinni. Add a small pinch of salt and cook for 5–10 minutes until getting some light browning on the zuchinni. Add the garlic and red pepper flakes and toss."", 'Cook for 1 more minute then add jar of sauce. Add a small scoop of starchy pasta water to rinse the jar back into the pan. Simmer for 5 minutes for the flavors to combine and thicken then add the butter and stir until combined. Once pasta is just before al dente, add it to the pan and finish cooking in the sauce. Once pasta is al dente, take off heat and mix in cheese. Garnish with parsley if using.']",In the summer we often will add fresh corn and basil.
2022-12-17,quinoa burritos,,"['1/2 of the quinoa recipe from this cookbook', '1 large sweet potato; small dice', '1 Tbsp neutral oil; avocado', '1 tsp salt', '(optional) 1/2 tsp msg', '1 tsp cumin', '1 tsp smoked paprika', '1/2 tsp chili powder; I like kashmiri', '1 can black beans; preferably goya brand', '2 clove garlic; peeled and used separately', '2 oz spinach; washed', '1/2 tsp cumin', '1 lime; cut into half, one half cut into wedges', '(optional) 1/4 cup of feta of vegan feta', '4-6 burrito sized tortillas; I like the fresh ones in the refrigerator section', '(optional) sriracha', '(optional) pickled red onions', '(optional) cashew cream (see notes)', '(optional) 1 avocado; cut into slices']","[""Preheat oven to 400°F with convection. Coat diced sweet potato in the 1 Tbsp neutral oil, salt, msg (if using), cumin, chili powder and smoked paprika. Spread on a 1/4 sized baking sheet covered in parchment or a silpat and roast for 15 minutes, shaking to make sure they don't burn after 10."", 'Add full contents of the black bean can and one peeled and smashed garlic clove to a small saucepan and cook over medium heat stirring when you remember.  After about 10 minutes the beans should be good. When ready, remove the with a spoon so to leave behind any extra cooking liquid.', ""Combine cooked quinoa, sweet potato and black beans in a bowl or storage container. Add spinach and stir to wilt. Throw in the microwave for 30–60 seconds if there's not enough heat to break down the spinach."", 'Season the mixture with half of a lime and salt as needed. Add another 1/2 tsp of cumin and stir well. Add feta, if using, and lightly stir.', 'Preheat a cast iron pan large enough to hold the tortillas over medium heat. Once hot, add a tortilla and cook for 15 seconds each side so that the burrito is pliable. Remove from the pan and add the main mixture then the sriracha, pickled red onions, cashew cream and avocado slices. Roll up and place back onto the pan cut side down to seal and brown. Move around once or twice to brown the remaining sides of the burrito.', 'Can eat whole or cut in half on a bias.']","I like to make a cashew cream out of 3/4 cup of cashews and 3/4 cup water plus a pinch of salt, 1 tbsp of nutritional yeast and one small garlic clove. Blend (in a high-powered blender) until very smooth adding more cashews or water to get a good consistency, knowing that once it cools it will thicken some."
,mushroom sprout polenta,,"['1 lb mushrooms, crimini are fine', '5 cloves garlic, minced', 'Extra virgin olive oil (EVOO)', 'Salt and pepper', '2 Tbsp butter', '20 medium Brussels sprouts, thinly sliced', '1/2 large onion (or 3/4 small), thinly sliced (preferably red or sweet yellow)', '4 Cups water', '1 Cup dried polenta', '4 Tbsp butter', '1/2-1 Cup grated Parmesan']","['Preheat oven to 375°F.', 'Trim and slice mushrooms in half. Toss in olive oil, salt, pepper, and minced garlic directly on a baking sheet (should just fit into a 1/4 baking sheet).', 'Bake for 20 minutes.', 'Bring water to a boil and add polenta. Reduce to a low simmer and cook for 15 minutes, stirring often.', 'Add 4 Tbsp butter and Parmesan, then season to taste with salt.', 'Meanwhile, cook the Brussels sprouts and onion in 2 Tbsp butter until deeply browned. Season to taste.', 'To serve, spread polenta onto a plate, tapping it to fill the bottom like risotto.', 'Top with a nest of Brussels sprouts and 5–10 mushroom halves.']",
2023-05-13,miso soup,,"['6 cups water', '1 Tbsp hondashi powder', '1/4-1/2 cup shiro miso; approximate', '1 green onion; thinly sliced across', '1 Tbsp dried wakame']","['Heat water in pot or in electric boiler for efficiency. Simmer in the pot and stir in the hondashi powder until fully dissolved - a few minutes.', 'Dip a whisk into the tub of miso and twist to pull up a few tablespoons of paste. Place a mesh strainer partially into the dashi broth and stir the', 'Turn off heat and and stir in green onion and wakame and wait 5 minutes for the wakame to bloom.', 'Serve while still hot.']","Can add cubed soft tofu with green onion. I like it simpler, without tofu."
2019-06-21,coconut rice,,"['2 cup jasmine rice; thoroughly rinsed', '1 14 oz can of coconut milk', '1.5 cup water', '1 tsp salt', '3 Tbsp shredded coconut; plus more, toasted for a garnish if desired']","['Combine in a rice cooker and stir.', 'Cook on sweet setting, or just the white setting if sweet is not an option.', 'Fluff and stir to combine the shredded coconut which will have floated to the top.']","High quality coconut milk makes a massive difference. I really like Thai Kitchen brand, and dislike Trader Joes."
2022-12-15,white bean lemon kale soup,,"['2 tablespoon olive oil', '2 medium yellow onion; small dice', '2 medium carrot; small dice', '2 stick celery; small dice', '4 cloves garlic; minced', 'chili flakes or aleppo pepper to taste', '2-3 sprig fresh rosemary; minced', '3-4 cans navy beans; drained and rinsed (or 1-2 lbs soaked overnight and pressure cooked 20 min, natural pressure release)', '8 cups vegetable stock', '2-4 tablespoons fresh lemon juice', 'sea salt and ground black pepper to taste', '6 cups packed chopped lacinato or curly kale (roughly 2 small bunch)', '1/2 cup flat leaf parsley leaves; chopped']","['Heat the oil in a medium-large soup pot over medium heat. Add the onions, carrots, and celery to the pot and stir. Sauté the vegetables until lightly softened and translucent, about 5 minutes.', 'To the pot, add the garlic, chili flakes, and rosemary. Stir and cook until garlic is fragrant, about 30 seconds. Add the navy beans to the pot and stir. Add the vegetable stock to the pot and stir once more. Bring the soup to a boil.', 'Once boiling, ladle 1/3 to 1/2 of the soup into an upright blender. Add the lemon juice to the blender as well. Carefully bring the speed of the blender up to high and blend until this portion of the soup is totally liquified. Pour this liquified portion back into the pot. Season the soup with salt and pepper.', 'Add the kale to the pot and bring the soup to a boil. Once the kale is slightly wilted and bright green, season the soup once more with salt and pepper, if you find it necessary. Stir in the chopped parsley as well. Serve the soup hot.']",Goes well with toasted rustic bread.
2022-12-15,sushi bowl,,"['3 rice cooker cups of white short or medium grain rice', '4 Tbsp rice vinegar', '3 Tbsp (scant) sugar', '1 tsp kosher salt', 'approx 2x2” kombu (optional)', '4 Tbsp kewpie mayonnaise', '2 Tbsp sriracha or similar hot sauce', '12-16 oz smoked slab salmon', 'avocado; sliced', '1 cucumber thinly sliced and tossed with small amount of salt (optionally sugar), or 1 recipe of ""smashed cucumbers"" - below', 'nori slices to make little sushi tacos', 'pickled red onion, radish or jalapeño', 'white and black toasted sesame seeds', 'broiled asparagus']","['Start by cooking the rice in a rice cooker on the white or sushi setting. Make rice seasoning while it cooks by combining and stirring the rice vinegar, sugar and salt in a small mason jar.', 'When the rice finishes cooking lay it out into a non-metallic broad bowl or even a glass tray and distribute the rice seasoning as evenly as possible. Carefully fold to combine. Fan with a sheet pan if possible to help cool the rice faster.', ""If you're feeling lazy you can mix it into the rice cooker directly and leave it open to cool a bit."", 'Spicy mayo is just mixing together the mayonnaise and sriracha. With kewpie mayo it should be drizzle-able.', 'Break apart salmon and place on top of some rice, then add all the toppings you’d want.']",Pretty much any vegetable works with this. Sometimes I add seared mushrooms or tofu. Fake crab works great too.
2022-12-15,smashed cucumbers,,"['2 seedless cucumbers; about 1 to 1 1/2 lbs; the english cucumbers work well here', '1 tsp salt', '2.5 tsp sugar', '2 tsp toasted sesame oil', '3 tsp soy sauce', '1.5 Tbsp rice vinegar', '2 cloves garlic; finely chopped (optional)', '1-2 tsp chili oil; I love momofuku chili crunch for this', '2 tsp toasted sesame seeds']","['Trim ends off of cucumber(s) and cut into 4–5"" segments if long. Use the butt of a chef\'s knife to break the cucumber into pieces. It should result in 3–4 lengthwise sections.  Remove any pulp that was squished out and cut the segments on a bias in 1/4–1/2"" slices.', 'Toss cucumbers with all other ingredients and let marinate for 10 minutes if possible.  If done ahead of time, keep in the fridge until 20–30 minutes before serving.']",Used with the sushi bowl.
2023-12-23,tomatillo salsa,,"['8 tomatillos; paper wrappers and stems removed', '1/4 white onion', '1 jalapeño; stem removed and halved', '1 clove garlic; skin on', '1 handful cilantro']","['Heat oven to 450°F. Add convection if it’s an option.', 'Add washed tomatillos, onion, garlic clove and jalapeño to baking sheet (a 1/4 sheet fits everything well). Bake checking every few minutes and rotating to distribute browning (8–15 minutes total).', 'Once browned and maybe a little charred, remove and add to a blender - making sure to remove garlic peel. Add cilantro and a pinch of salt the pulse to desired consistency. Check seasoning.', 'Let it cool a little in the fridge before serving as the pectin from the tomatillos will cause it to thicken.']",I love this in and on cheese and bean quesadillas - it cuts through the unctuousness perfectly.
2022-12-17,quinoa,,"['1 scant Tbsp oil; extra virgin olive oil or avocado work', '1 cup quinoa', '1.75 cup vegetable broth or water (see note); ideally hot.']","['Set a saucepan over medium heat. Rinse the quinoa in a fine mesh strainer and drain well.', 'Toast the quinoa. Add the oil to the saucepan and then the quinoa, stirring frequently to let the remaining water evaporate and the quinoa to toast. 2–3 minutes. You should smell the quinoa toasting.', 'Stir in the broth and bring to a boil. Once boiling, cover and reduce to the lowest heat. Leave to cook, undisturbed for 15 minutes.', 'Turn off heat but leave covered for 5 more minutes. Then fluff with a fork and let the residual steam evaporate, uncovered. Should be ready to serve in 5 minutes.']",If you don't have broth it's fine to substitute with water - just add 1/2 tsp salt.
2022-12-16,microwave mug brownie,,"['3 Tbsp all purpose flour', '2 Tbsp granulated sugar', '1 small pinch salt', '1.5 Tbsp cocoa powder', '1-2 Tbsp chocolate chips', '1/4 tsp vanilla extract', '1.5 oil or melted butter; avocado oil is best', '3 Tbsp almond milk']","['Combine in mug in order above and stir until no dry patches. Can stir dry ingredients before adding the wet.', 'Cook uncovered in microwave for 1:15 at full power (~1200W). Do not open microwave when it finishes and allow it to steam for 2 minutes after. This helps reduce the soufflé-like collapse.', 'Serve with cold almond milk or a scoop of ice cream on top.']","May have to adjust for different power microwaves - this timing is good for 1200W. Also, make sure to not cover the mug - the steam is bad for the texture."
2019-12-21,sweet potato bisque,,"['2 Tbsp coconut oil (or other neutral oil)', '1 onion or 2 shallots; diced', '1 thumb ginger; finely chopped', '2 lb sweet potato; peeled and cubed', '1 scant tsp salt', '1 Tbsp curry powder', '1 tsp ground coriander', '3 cups water', '1/2 cup coconut milk (or almond milk) plus more for drizzling if desired', '1/4 bunch of cilantro (optional); washed and chopped', '1 lime (optional); cut into wedges']","['Cook the onion and ginger in coconut oil in a deep soup pot over medium heat stirring occasionally, until soft -- about', 'Add the salt and spices and stir.  Add the cubed sweet potatoes and toss to coat then add the water.  Bring to a boil', 'Transfer to a blender and remove blender plug then cover with a towel (or paper towel that will resist yellowing', 'Rinse out pot if any small pieces of onion or potato remain and transfer puree back.  Reheat over a low flame']",Also goes well with some crunchy toasted bread.
2018-12-27,mustard arugula farm salad,,"['2 Tbsp dijon mustard', '2 Tbsp whole grain mustard (e.g., Maille)', '1/2 cup extra virgin olive oil', '2 Tbsp sherry vinegar (or something similar)', '1 scant Tbsp maple syrup', 'couple cracks of black pepper', '12-16 oz new potatoes; cooked (boiled or steamed) and cut in half', '7 oz arugula; washed and dried as much as possible', '1 1/4 cup uncooked brown rice', '1/4 cup uncooked wild rice', '1/4 cup dried cranberries', '4-6 eggs; quartered lengthwise', '1/4 cup pine nuts (optional)', '1 tin sardines or mackerel (optional)']","['Combine all the ingredients in the top section in a pint jar with a lid (mason jar).  Shake to create an even mixture then put in the fridge.', 'Cook the brown and wild rice together.  I like to combine them in a rice cooker and cook via timer overnight to be ready in the morning.', 'Combine potatoes, arugula, rice, pine nuts and cranberries and toss until evenly distributed.  Serve onto plates or into containers']",Fish isn't necessary but a nice boost of protein.
,microwave basmati rice,,"['1/2 Cup basmati rice, well rinsed and drained in a colander', '3/4 Cup water', 'pinch of salt', '(optional) 1-3 tsp butter, ghee or coconut oil', '(optional) 1/8 tsp turmeric for yellow rice']","['Combine rice, water, and optional items in a microwave-safe bowl.', 'Cook on power 2/10 (for a 1200W microwave) for 22 minutes.', 'Let rest covered for 5 minutes, then fluff and serve.']",Can scale up to 2/3 Cup rice and 1 Cup water and cook on same power for 24-26 minutes.
2017-05-20,mediterranean couscous salad,,"['1.5 cup whole wheat couscous', '1 english cucumber; small dice', '1 small carton good cherry tomatoes; cut in half', '1 red pepper; small dice (optional, as a replacement for tomatoes)', '1 can garbanzo beans; drained', '1/4 cup (or more) italian dressing', '1 avocado (optional as topping)', 'salt']","[""Boil 1.5 cups of water with a pinch of salt in a small saucepan.  Once it's boiling, add couscous and stir, take"", 'Combine veggies and dressing to let marinate while couscous steams.', 'Top couscous with veggie salad.  Top that with optional sliced avocados.  Add more dressing if necessary.']","If really getting fancy, could add chopped parsley. If using persian cucumbers prep 2-3 instead of 1. For chickpeas, I prefer *Goya* brand."
2022-12-15,miso mushroom pasta,,"['8 oz mushrooms', '8 oz asparagus', '8 oz pasta; e.g., TJs egg pappardelle or normal dried pasta like de cecco', '1 Tbsp extra virgin olive oil', '1 pinch red pepper flakes', '4 cloves garlic; minced', '4 Tbsp butter', '2-3 Tbsp miso paste; I prefer shiro/white miso for this', 'salt and pepper', 'black sesame seeds for serving', '(optional) green onion for serving']","['Put a pot of water over heat and bring to a boil. While heating cut the mushrooms into chunks and start cooking in a pan with the olive oil and 1 Tbsp butter. Lightly salt to help remove moisture. Cut the asparagus to bite sized pieces and add after a few minutes. Once the veggies are almost cooked through, add the red pepper flakes and garlic bass another Tbsp of butter if needed.', 'Start cooking the pasta. Once just before al dente, add to the veggie pan along with ~1 cup of cooking water, the miso and remaining butter. Stir well to mix the miso and butter. The pasta should come up to al dente as the sauce just thickens. Take off heat, add a generous amount of black pepper and stir again. Top with black sesame seeds and maybe green onion for looks.']",Could be good with chunks of precooked kabocha squash and chili crisp oil.
2020-01-07,quick pickles,,"['1 mason jar packed with vegetables', '1 cup hot tap water', '1/2 cup unseasoned rice vinegar', '5 Tbsp granulated sugar', '2 1/4 tsp kosher salt']","['Combine sugar, salt, vinegar and water in bowl and stir until dissolved.', 'Pour into mason jar until vegetables are fully covered or brine reaches the top.', ""Place in fridge.  Good after sitting overnight.  Will be fully 'ready' after 3–4 days.  Will keep for a month.""]",This is enough brine for a wide mouth tallboy mason jar.
2022-12-16,tomago kake gohan (egg on rice),,"['1-2 cups cooked short or medium grain white rice', '1 egg', '1 tsp shoyu', '1 tsp mirin', '1 pinch salt', '1 smaller pinch MSG', '(optional) asparagus', '(optional) nori', '(optional) furikake', '(optional) diced kimchi']","['Heat white rice until piping hot - 1.5 minutes in our microwave.', 'Make a small hole in the middle of the rice and crack in egg and top with the rest of the non-optional ingredients.', 'Whisk in with chopsticks and top with the optional stuff.']","If using leftover sushi rice just add a tiny bit of shoyu and MSG -- the mirin and pinch of salt would make it too sweet and salty. If going for something really decadent, you can add a second egg yolk once mixed. Could probably use a semi-brown haiga rice for this dish as well."
2022-12-21,boiled daikon,,"['1 lb (16 oz) daikon; peeled and cubed', '1 cup water or stock', '1 Tbsp oyster sauce', '(optional) 1 slice ginger', '(optional) 1/4 tsp salt', '1/4 tsp sugar or honey', '1/4 tsp white pepper; 1 pinch', '1 green onion; chopped', '1 splash sesame oil; once cooked']","['Combine water (or stock), oyster sauce, ginger salt, sugar and white pepper in pop and stir to combine.', 'Bring to a boil. Once boiling, reduce to a simmer over medium-low and cook covered for 20 minutes.', 'Remove from heat and garnish with green onion and sesame oil. Mix well and serve as a side.']",Congee topping.
,dani's black bean burgers,,"['4 cans black beans, unsalted, rinsed and drained', '1/2 large onion, small dice', '1 red pepper, small dice', '1 large zucchini (300g pre-shred), grated and pressed', '4 carrots (200g pre-shred), grated and pressed', '50g Parmesan', '4 eggs', '2 Tbsp soy sauce', '6 shakes Worcestershire sauce', 'Salt to taste']","['Preheat oven to 350°F (or 325°F convection).', 'Spread beans on a sheet tray and dry in the oven for 5–10 minutes while prepping the vegetables.', 'Combine all ingredients in a large bowl and mash until a blackish mixture forms with visible black bean speckles.', 'Season to taste.', 'Form into patties.', 'Bake at 375°F for 12 minutes on each side.']",- Makes 14 burgers.
2022-12-15,okonomiyaki (cabbage pancakes),,"['4-5 cups cabbage; thinly sliced', '1 large carrot; shredded', '1 cup flour; 1/4 cup at a time', '2 Tbsp shoyu (soy sauce)', '1 Tbsp sesame oil', '1/2 cup water', '2 eggs', '2 green onion; white and green separated', 'neutral oil; e.g., avocado oil', 'kewpie mayonnaise', 'sriracha']","['Make the wet batter by whisking together eggs, water, sesame oil and shoyu.', 'Add flour 1/4 cup at a time while whisking until smooth. Add shredded cabbage, carrot and onion whites.', 'Let sit for a few minutes for the flour to hydrate. Cook over medium heat with 1 Tbsp neutral oil per pancake.', 'Optionally drain on a paper towel then serve with a drizzle of kewpie and sriracha and the remaining green onions.']",I like this served with a little kimchi.
2022-12-24,egg foo young (hong kong furong omelet),,"['6-8 oz shrimp; peeled and deveined and patted dry', '1 cup mung bean sprouts', '3 green onion; sliced into 2"" chunks, white parts sliced in half lengthwise.', '4 eggs', '1/2 tsp toasted sesame oil', 'salt', 'sugar', 'corn starch', 'white pepper', '(optional) 1/4 cup water', '(optional) 2 tsp sugar', '(optional) 2 tsp oyster sauce', '(optional) 1 tsp soy sauce']","['Prepare the shrimp. mix shrimp with 1/8 tsp salt, 1/8 tsp sugar, 1/2 tsp corn starch and a few cracks of white pepper.', 'Prepare the eggs. In a large bowl, mix eggs, sesame oil, 1/2 tsp salt, 1/2 tsp sugar, and a few cracks of white pepper. Mix 2.5 tsp of corn starch with 1 Tbsp water then mix into egg mixture for 30 seconds.', '(optional) Make the sauce. Mix the water, sugar, oyster sauce and soy sauce in a small saucepan and heat over medium-low. Simmer for 2–3 minutes until the sauce reduces by about half. Turn off heat and set aside.', 'Heat a ~10"" pan (or wok) over high heat into very hot then add 1 Tbsp of oil and cook the shrimp for about 20–30 seconds a side.  Just enough to bring them to 75% cooked.', 'Place the par-cooked shrimp in the egg mixture with sprouts and green onion and mix well. Wipe out the pan and reheat over high. Once hot add 2–3 Tbsp oil and then add the egg mixture, spreading it to about 8–9"" in diameter.', 'When the eggs are almost cooked through and nicely browned, carefully flip and cook the other side for 1–2 more minutes.', 'Remove from the pan and serve with the sauce as a drizzle.']",A classic Christmas Eve dinner.
2017-11-04,lentil bolognese,,"['3 Tbsp olive oil', '2-3 carrots; small dice', '1-2 celery stalks; small dice', '1 onion; small dice', '1 cup beluga (black) lentils', '4 cups vegetable broth', '2 Tbsp unsalted butter', '1 Tbsp balsamic vinegar', 'pasta, dried or homemade; cooked']","['Heat the oil over medium-low heat then add carrots.  Cook for a couple minutes then add onions and celery and cook', 'Rinse lentils then add to the pot.  Toss around then add the 4 cups of broth.  Bring to a boil over high heat then', 'Remove half the sauce to a blender or food processor and blitz to a rough paste or smooth depending on preference.  Add this back to the pot along with', 'Serve over noodles with a few cracks of fresh pepper and some chopped parsley or parmesan.', 'Cook veggies in base of the pressure cooker on ""sauté"" mode with the top off.  Stir often so the vegetables don\'t burn, until browned and soft.', 'Add lentils and 2.5 cups of the hot broth to the pressure cooker.  Cover and set to 15 minutes on high pressure. Manually release pressure with a rag over the steam output.', 'Remove and blend half the sauce then put back into the pot.  Stir in butter and balsamic and season to taste.']","A thick balsamic works best here - look for ~ density 1.30. For boxed pasta I prefer *De Cecco* brand and a shape without holes or tubes for the sauce to get stuck in. Good options are farfalle, oriechette or fettuccine. Also goes really well over roasted spaghetti squash."
2019-07-11,pasta e ceci (pasta and chickpea soup),,"['3 Tbsp olive oil', '3 stalks celery; roughly chopped', '4 carrot; roughly chopped', '1 yellow onion; roughly chopped', '3 sprigs rosemary; finely minced (optional)', '8 cups vegetable stock (I prefer better than bouillon)', '2 15 oz cans chickpeas; drained and rinsed', '8 oz. small pasta (cavatelli, ditalini or oriechette)', 'kosher salt and freshly ground black pepper, to taste', '2 Tbsp parsley; minced plus a little more for topping', 'parmesan cheese for serving (optional); microplaned or grated', '1/2 - 1 lemon (optional but recommended)', 'miso paste to taste']","['Heat oil in a large saucepan or pot over medium-high; add rosemary, celery, carrot, and onion and cook until soft, 8–10 minutes.', 'Add stock and chickpeas; simmer 5 minutes. Remove half the chickpeas and purée until smooth; return chickpeas to pan.', 'Add pasta and cook until al dente, 10 minutes; season with salt and pepper. Taste for acid and add lemon juice if needed.', 'Stir in parsley. Serve with parmesan cheese and extra parsley.']","Doubles well. If you don't have fresh rosemary, do not add dried."
2017-12-31,west african peanut and collard stew,,"['1 bunch collard greens; washed and rinsed', '1 onion; small dice', '1 inch of ginger root; grated', '4 garlic cloves; minced', '6 cups broth', '1 large or 2 small sweet potato; 1/2"" dice', '6 oz can tomato paste', '1/2 cup natural peanut butter', '1 tsp cumin', '1 large pinch of red pepper flakes', '1/4 cup minced cilantro leaves (optional)', '1/4 cup peanuts (optional)']","['Sauté the ginger and garlic in neutral oil over medium heat for 1–2 minutes, or until the garlic becomes soft and fragrant.', 'Add onion the pot, and continue to sauté. Add sweet potato to the pot, and continue to sauté a few minutes more, or until the onion is soft and the sweet potato takes on a darker, slightly translucent appearance. Season with cumin and red pepper flakes.', 'Add the tomato paste and peanut butter, and stir until everything is evenly mixed. Add the vegetable broth and stir to dissolve the thick tomato paste-peanut butter mixture. Place a lid on the pot and turn the heat up to high.', 'While the soup is coming up to a boil, prepare the collard greens. Rinse the greens well, then use a sharp knife to remove each stem (cut along the side of each stem). Stack the leaves, then cut them into thin strips. Add the collard strips to the soup pot.', 'Once the soup reaches a boil, turn the heat down to low and allow it to simmer without a lid for about 15 minutes, or until the sweet potatoes are very soft. Once soft, smash about half of the sweet potatoes with the back of a wooden spoon to help thicken the soup.', 'Taste the soup and add salt if needed (will depend on the brand of broth used). Serve the stew hot with a few cilantro leaves if desired.']",
2020-01-07,sweet cucumber pickles,,"['1/8"" sliced cucumbers; enough to pack a mason jar (or tallboy mason jar)', '1 cup hot tap water', '1/2 cup unseasoned rice vinegar', '5 Tbsp granulated sugar', '2 1/4 tsp kosher salt']","['Combine sugar, salt, vinegar and water in bowl and stir until dissolved.', 'Pour into mason jar until vegetables are fully covered or brine reaches the top.', ""Place in fridge.  Good after sitting overnight.  Will be fully 'ready' after 3–4 days.  Will keep for a month.""]",This is enough brine for a wide mouth tallboy mason jar.
2017-05-01,pressure cooker mushroom risotto,,"['4 cups vegetable stock', '1.5 lbs assorted mushrooms (a mixture is best); cleaned, trimmed and thinly sliced', '4 Tbsp olive oil', '4 Tbsp butter', '1 yellow onion; chopped', '4 garlic cloves; minced', '1.5 cup arborio rice', '2 tsp soy sauce; shoyu, tamari or light chinese', '1 Tbsp light (shiro) miso', '1/2 cup white wine or sake', '1 oz grated high quality parmesan', 'more parmesan and any finely minced herb for serving', '(optional) 1 oz dried porcini or shitake']","['If you have dried mushrooms, heat stock and allow dried mushrooms to steep until soft, about 5 minutes for', ""Heat olive and oil and butter in the pressure cooker and add all of the mushrooms. Cook until mushrooms have softened, but you don't need to take it until they're completely dried and browning."", 'Add onion and garlic and cook until barely softened, then add rice and cook until starting to become translucent', 'Stir in soy/tamari and miso paste until distributed then add wine and cook until the alcohol is released; about', 'Pour the stock into the pot through a mesh strainer and discard the mushroom scraps. Cook on low pressure for 5', 'Stir in parmesan and check the seasoning.', 'Serve with extra grated parmesan and herbs at the table.']","Not a good choice for someone who doesn't like mushrooms. The dried mushrooms are nice but not necessary - I generally skip the extra step. Also, if the rissotto comes out a little too dry, feel free to loosen it with a few tablespoons of stock or heavy cream."
2021-02-16,almond flour pumpkin muffins,,"['2 cups almond flour', '1.5 cups old fashioned rolled oats', '1/2 tsp kosher salt', '2 tsp cinnamon', '1/2 tsp ground ginger', '1/2 tsp ground cloves', '1/2 cup walnut chunks', '2 Tbsp small chocolate chips (optional, to add to half)', '1 can (14 oz) pumpkin puree', '6 oz butter; melted', '1/2 cup maple syrup', '3 eggs']","['Preheat oven to 350°F.', 'Whisk together the dry ingredients and the wet ingredients separately (larger bowl for the dry). Add the wet to the dry and mix until just combined.', 'Setup muffin tin with 12 cups and fill the batter to the brim.  If using chocolate chips, stop halfway through filling the cups and mix the chocolate into the batter until evenly distributed before finishing filling.', 'Once preheated, cook for 30–32 minutes.  Let cool in the tin for a minute or two until cool enough to handle then carefully remove and place on a cooling rack.  Once completely cooled (30–60 minutes), stored in a sealed container in the fridge.', 'When ready to eat, microwave for 20–30 seconds (dependent on microwave, we have a weak one so use 30 seconds).']","The 3 tsp (1 Tbsp) of spices (cinnamon, ginger, cloves) can be replaced with 3 tsp of pumpkin spice powder. Or even easier, 3 tsp of cinnamon. Any combination of autumnal spices will be fine. I add a few chocolate chips to the top of the chocolate chip muffins before cooking as a flag. A flaky sea salt before baking could also be nice."
,rosenberg matzoh ball soup,,"['1 Manishewvitz matzoh ball mix packet', '2 large eggs', '1/4 cup extra virgin olive oil or neutral oil', '4 stalks celery; thinly sliced', '6 carrots; thinly sliced - no need to peel', '10 cups vegetable broth; preferably from better than bouillon concentrate', 'egg soup noodles', '(optional) 1 handful parsley; chopped', '(optional) 1 bulb fresh fennel; cut into small, bite-sized pieces, fronds reserved']","['Mix eggs and oil with a fork in a metal mixing bowl then add matzoh until just combined.  Leave fork in the bowl, cover and put in the fridge for 25 minutes to cool.', 'While that’s cooling add 8 cups of veggie broth to pot and start heating. Chop vegetables and add them to the broth. Cover and bring to a boil.', 'Start a drizzle of cold water from the tap to wet your hands and begin making golf ball sized smooth balls. As each ball is made drop it in the pot of boiling broth. Once all balls and in the pot, cover again and bring temperature to low - just enough to keep a light simmer in the pot. Do not remove the top for 30 minutes.', '10 minutes before the soup is finished, bring a pot of lightly salted water to boil and cook the egg noodles until very al dente.', 'When soup is cooked, turn off heat and mix in parsley. Check seasoning and adjust. Spoon into bowls and add the al dente noodles as desired. Top with fennel fronds if using.']",It's tradition for Dad to say this is too salty no matter how salty it is.
2022-12-16,pancakes two ways,,"['1.5 cups flour (225 g)', '0.5 cup almond flour (60g)', '1/4 tsp salt', '2 tsp baking powder (12 g)', '1 Tbsp sugar', '2 eggs', '1.5 cups almond milk', 'Toppings: strawberry, banana, chocolate chips']","['Mix wet and dry separately then bring together until just hydrated. Don’t over mix, small clumps are ok.', 'Cook over medium in cast iron or non-stick with some butter.']",There are many ways to make pancakes... this is my favorite. Another option is banana pancakes which have good flavor but worse texture: - 3 ripe bananas - 3 eggs - almond flour - 1 scant tsp baking powder - salt (optional) - neutral or coconut oil Smash bananas until they’re pudding. Mix in the eggs. Add flour until good pancake consistency (maybe 1/4 to 1/2 cup). Add baking powder and stir or whisk in. Add a pinch of salt if desired. Cook with oil.
2022-12-15,cannellini mash,,"['1 can cannellini beans; drained and rinsed', '3-4 tsp extra virgin olive oil', '1 pinch red pepper flake', '(optional) 1 light sprinkle msg', '1 pinch salt', '1/2 lemon', '2 Tbsp capers; roughly chopped', '2 large pieces of rustic bread; toasted', 'cracked pepper', '(optional) parsley; roughly chopped']","['Add beans, olive oil and red pepper flakes to a medium pan over medium heat. Cook (confit) the beans for 5–10 minutes while stirring occasionally until most of the moisture is gone, making sure nothing is overcooked (i.e. dried out) or burned.', 'Roughly mash with a wooden spoon and take off heat. Add 1/4 of a lemon’s juice and taste, checking for acid and salt/msg. Put half on each slice of the well toasted bread and top with capers and some cracks of pepper.', 'Serve with a couple deseeded lemon wedges, sprinkle with parsley if using.']",Goes well with a side of broiled asparagus.
2022-12-15,oyster sauce bok choy,,"['2 lb of baby or normal bok choy', '1 tbsp of neutral oil; e.g., avocado oil', '1.5 tsp of salt', '6-8 cloves of garlic (minced)', '1 Tbsp sesame oil', '3 Tbsp oyster sauce', '2 Tbsp of soy sauce; Japanese shoyu, or Chinese light soy sauce', '1 Tbsp of sugar']","['Trim the bottom of the bok choy and halve or quarter depending on size. Bring pot of water to simmer and add salt and oil. Cook 3–4 minutes, in batches if necessary. Want it to be tender but still have crunch.', 'Add in minced garlic, vegetarian oyster sauce, soy sauce, sugar, and sesame oil in a pan. Let it simmer for 1–2 minutes, or until the sugar has melted.', 'Drizzle the sauce over the bok choy and serve.']",Reminds me of the chinese brocolli in oyster sauce at Woody's Wings and Things. Maybe combine with mushrooms to make a meal over rice?
2022-12-16,egg drop soup,,"['4 cups vegetable stock; I prefer Better than Bouillon', '1/2 tsp toasted sesame oil', '1/2 tsp salt', '1/8 tsp sugar', '1/4 teaspoon MSG', '1/8 tsp white pepper', '1/2 tsp turmeric', '3 Tbsp cornstarch; mixed with 1/3 cup water', '3 eggs; lightly beaten']","['Bring the stock to a simmer in a medium soup pot. Stir in the sesame oil, salt, sugar, white pepper, and MSG. Add in the turmeri.', 'Taste the soup, and adjust the seasoning if needed.', ""Add the cornstarch and water mixture. Make sure the cornstarch and water is mixed well, as the cornstarch settles very quickly. Stir the soup continuously as you drizzle in the slurry, or you'll get clumps of cooked starch in your soup."", 'Use a ladle to stir the soup in a circular motion, and slowly drizzle in the egg until you have added it all.', 'Ladle the soup into bowls, top with scallions if desired, and serve hot.']",The speed which you stir while pouring the egg in determines the size of the egg flowers. I prefer large clumps of egg so tend to stir very slowly after some has set.
2019-06-12,hummus caesar dressing,,"['1/2 cup hummus', '1 tsp spicy whole grain mustard', ""1/2 tsp lemon zest (1 lemon's worth)"", '1 Tbsp capers; finely minced', '1 heaping Tbsp caper brine', '3 Tbsp garlic; minced (4-5 small cloves cloves)', '1 pinch salt', 'couple cracks of ground pepper', '1-2 Tbsp olive oil', '1 tsp maple syrup', '(optional) water; to thin sauce', '(optional) lemon juice; to taste as needed']","['Stir everything together.', 'Thin slightly with water to get desired consistency.', ""Add lemon juice as needed.  I find this typically isn't necessary with good caper brine."", 'Can be served right away but does well with a sit for the flavors to mingle -- maybe 30 minutes.']","Really good massaged into crunchy greens; e.g., romaine hearts, lacinato kale."
2018-02-06,aloo gobi,,"['1 head cauliflower; cut into big size florets', '1-2 russet potato, about 1 lb; large dice', '1-2 Tbsp neutral oil', '1"" ginger root; peeled and minced', '1 serrano; small dice, deseeded if preferred', '3-4 on the vine tomatoes; diced', '1 cup green peas', '1 tsp ground cumin', '1 tsp garam masala', '2 tsp coriander', '1/2 tsp turmeric', '1/4 tsp cayenne', '1/2 bunch cilantro; rinsed, rough chop', '1 lemon (optional)', '1 recipe; perfect basmati']","['Preheat the oven to 400°F. Toss cauliflower florets and potatoes with a couple tbsp neutral oil. Spread on baking sheet.', 'Heat a couple tbsp neutral oil in small stainless-steel skillet until shimmering. Add ginger and serrano chilis and', ""Add green peas and cook until warmed through - test some to make sure they're good."", 'Stir in cilantro and serve with rice, passing lemon wedges tableside.']",Would work well with roti or naan too. Check out steamed basmati recipe.
2017-12-31,shakshuka,,"['1 medium onion; small dice', '4 cloves garlic; crushed then sliced', '2 Anaheim peppers; seeds removed and diced', '3 jalapeño or 2 serrano peppers; sliced', '1 Tbsp cumin', '1 Tbsp smoked paprika', '28oz high quality tomatoes; e.g., san marzano', '1 can chickpeas; drained and rinsed', '6 or 7 eggs', '1 handful of chopped parsley; can also used chopped cilantro or thinly sliced green onion as garnish', '1/4 cup crumbled feta; best from a block vs. pre-crumbled', 'olive oil and pepper to finish', '(optional) fresh or pickled radish for garnish']","['Heat a 12–14"" pan on medium heat. Add onions, peppers, a few tablespoons of olive oil and a small pinch of salt and', 'Add the garlic and cook for 30 seconds. Add the cumin and smoked paprika and cook for 30 more. Dump in the tomatoes', ""This is a good time to taste the sauce and season it until it's right."", 'Create egg divots with the back of a spoon and distribute the eggs into the divots. Spoon the sauce over some of the', 'Once the eggs are just about cooked, remove from heat and sprinkle with feta and parsley, a light drizzle of a good']","Goes well with baguette or naan. Can add lots of different veggies to the base: carrots, radishes, green beans, eggplant, etc. Also goes well with a drizzle of tahini sauce. Goya makes the best canned chickpeas. I like sprinkling on some Trader Joe's ""Everything But the Bagel"" spice mixture on top. Can also add a green with the chickpeas like lacinato kale or de-stemmed swiss chard."
2022-12-16,creamy balsamic dressing,,"['6 Tbsp extra virgin olive oil', '6 Tbsp balsamic vinegar', '6 Tbsp avocado mayonnaise', '1 tsp mustard', '1 Tbsp honey', '3 small cloves garlic; minced']",['Whisk or shake together in a large mason jar.'],Should probably put this on a salad with some apple and cheese.
2017-10-03,miso braised greens,,"['2 Tbsp neutral oil', '1 bunch swiss chard; sliced, stems removed and chopped.', '3 cloves garlic; smashed under flat knife blade then thinly sliced', '2 Tbsp miso paste, light or medium', '1 tsp rice vinegar', '1 pinch red pepper flakes (optional)']","['Cook stems in oil over medium low heat until the stems are starting to cook but still firm.', 'Add garlic (and red pepper flakes if using) and simmer while stirring for another minute. Add chard leaves and', ""Add miso paste and rice vinegar and stir to evenly combine into the chard water. If it's too dry add a couple"", 'Season to taste and serve. Add more miso or vinegar as needed.']",Chard is easily replaced with lacinato (aka dinosaur) kale. Cut out and discard stems. The rest of the directions remain the same.
2022-12-16,cashew-alfredo-pasta,,"['8 - 12 oz mushrooms; cut into thin cross-sections', '1 large handful asparagus or brocollini; tough stems removed and cut into 1” segments', ""8 oz medium pasta; I've used mezze rigatoni, penne and fusilli"", '1.5 cups cashew cream (approx 1 cup raw cashews and water to just less than covering in a high speed blender)', '1 clove garlic', '2 Tbsp nutritional yeast', '1-2 Tbsp unsalted butter', 'salt', 'pepper', '(optional) shredded parmesan cheese', '(optional) squeeze of lemon for serving']","['Put salted water to boil. Add pasta and stir.', 'Meanwhile, make cashew cream and blend in garlic clove and nutritional yeast. Process until smooth and season with salt aggressively. Add pasta water as needed to blend smoothly.', 'In a large pan melt butter and cook asparagus until bright green (~2 minutes). Add mushrooms and 1/2 cup of pasta water and cover to steam for 2 minutes. Remove cover and stir to cook for another minute. Add cooked pasta and sauce and stir. There should be some mushroom infused water in the pan that will mix with and thin the sauce.', 'Adjust seasoning and add 15 grinds of black pepper. Serve warm topped with parmesan cheese.']",The goal is to have nearly the same amount of pasta and vegetables in every bite.
2022-12-15,chapati,,"['1 cup all-purpose flour', '1 cup whole wheat flour', '1 tsp salt', '2 Tbsp oil; I used olive with no negative effects', '3/4-1 cup hot water', 'A little more 1:1 flour mixture for rolling']","['Mix together the dry ingredients then pour in oil. Break up oil between fingers until small, and breadcrumb like. Bring together with water then knead until soft and smooth. Should be elastic but not sticky - add water as needed.', 'Bring a cast iron pan up to heat over medium/medium-high.', 'Break the dough into 8–12 pieces depending on desired size. Cover with a damp but well wrung out clean dish towel if not immediately making. Roll pieces into a ball then dip into extra rolling flour. Roll out to 2/3 final size then flour lightly again and roll to final size (5–8” diameter). Shake off excess flour then cook on very hot pan. Should only be about 30 seconds a side so they don’t dry out.']",Great with lentils and chana masala.
2022-12-16,tofu chocolate mousse,,"['1 package silken tofu drained (12 or 14 oz)', '1/2 cup dark chocolate', '1 pinch kosher salt', '2 Tbsp maple syrup']","['Blend everything really well - until the chocolate is no longer grainy.', 'Put into storage and serving jars or bowl, then place in the fridge for a few hours. The flavor improves over time.']","Toppings; e.g., mint, raspberries, sliced almonds, shaved chocolate. I like storing and serving these in small mason jars."
2019-11-03,mung bean korean pancake batter,,"['1 cup split yellow mung beans', '2.5 cups of water; separated', '1 tsp kosher salt', '1 cup bean sprouts', '1 cup roughly chopped kimchi', '4 green onions; chopped', '2 Tbsp fish sauce', '(optional) 2 Tbsp korean chili flakes; i.e., gochugaru', '1 Tbsp chopped garlic', 'neutral oil for frying']","['Place the beans and 2 cups of the water in a medium bowl and', 'Drain the beans, then place in a blender. Add the remaining 1/2 cup', 'Season before cooking. The batter can be made ahead but do not add salt until ready to cook.', 'Blanch bean sprouts in a small saucepan of boiling water for 15–30 seconds', 'Add everything together in a large mixing bowl and begin heating an 8"" pan. Once hot add 1 Tbsp neutral oil and turn to coat the bottom. Add 3/4 cup of the mixture and spread into a 6–7"" pancake.', 'Cook, undisturbed, for about 2 minutes or until you can see the bottom edges beginning to brown.  Loosen the edges with a spatula and turn. Add another Tbsp of oil if needed and cook another 2–3 minutes.', 'Transfer to a paper towel lined plate or rack and continue cooking until the batter is gone. Serve as soon as possible.']","You can make this mixture and refrigerate, covered, for up to 3 days."
,mushroom gravy,,"['2 Tbsp extra-virgin olive oil', '1 shallot; finely chopped (1/3 Cup)', '16-24 oz cremini mushrooms; sliced', '1 Tbsp tamari', '2 garlic cloves; minced', '1 1/2 Tbsp fresh thyme leaves', '1/2 Tbsp chopped fresh rosemary', '1/4 Cup all-purpose flour', '3 Cups vegetable broth (Better than Bouillon preferred)']","['Heat olive oil in a large skillet over medium heat.', 'Add shallot and cook until soft, about 4 minutes.', 'Add mushrooms and cook until softened, about 8–10 minutes.', 'Stir in tamari, garlic, thyme, and rosemary.', 'Sprinkle flour over the mushrooms and stir for 1 minute.', 'Add broth and simmer until thickened, whisking often, about 20 minutes.', 'Season with salt and pepper to taste.']",- Adapted from: [Love and Lemons](https://www.loveandlemons.com/mushroom-gravy/)
,dirty rice pepper bowl,,"['2-3 Cups medium grain rice (Japanese cups); cooked in rice cooker', '1 can black beans; including liquid', ""Lowry's seasoning salt"", '2-3 peppers (at least one red, yellow, or orange); sliced', '1-2 onions; sliced', 'Toppings: guacamole or sliced avocado, cheese, hot sauce, or salsa']","['Start cooking onions and peppers together in a large pan, allowing them to brown before mixing. Cook 10+ minutes until softened, brown and sweet.', 'Season with salt to help release moisture.', ""Mix cooked rice into warmed black beans and season with Lowry's to taste. Use a large bowl to mix in all 3 Cups of rice if needed."", 'Serve beans and rice with peppers and desired toppings on top.']",
2022-12-15,banana banana pancakes,,"['3 ripe bananas', '3 eggs', 'Some sort of flour (I use almond)', '1 scant tsp baking powder', 'salt (optional)', 'coconut oil', 'toppings; chocolate chips, blueberries (even frozen), peanut butter']","['Smash bananas until they’re pudding. Mix in the eggs. Add flour until good pancake consistency (maybe 1/4 to 1/2 cup). Add baking powder and stir or whisk in. Add a pinch of salt if desired.', 'Heat medium (~12”) pan over medium heat. Once hot add a bit of coconut oil and melt. Use a 1/4 cup scoop to add 3 pancakes to the pan, or use a tablespoon and make silver dollar pancakes.', 'Cook a couple of minutes either side making sure they’re not burning.  Once they’re nicely browned remove the pancakes, add a bit more oil and start again - until batter is gone.']",Frozen wild blueberries are the best topping.
2018-09-06,lemony red pepper quinoa salad,,"['1 cup dry quinoa (about 3 cups cooked)', '1 3/4 cup water (or vegetable broth)', '1/2 tsp kosher salt', '1 tsp olive oil or butter', '1 cucumber; small dice', '1 red pepper; small dice', '1 small red onion; small dice (maybe 1/2 or 3/4 of a giant one)', '1 can chickpeas; rinsed and drained', '1 bunch of parsley, finely chopped', '1/4 cup olive oil', '1/4 cup lemon juice (2 or 3 lemons)', '1 Tbsp sherry vinegar (red wine vinegar could work too)', '2 garlic cloves; pressed', '1/2 tsp kosher salt']","['Cook the quinoa. Thoroughly rinse quinoa while heating oil in medium-sized pot over medium heat.  When the quinoa', 'While quinoa cooks, prep and combine the ingredients from cucumber to parsley in a large mixing bowl.', 'Make the dressing. Combine ingredients from olive oil to kosher salt in a mason jar.  Put on the lid and give it a good shake.', 'Once the quinoa has cooled a bit as to not cook the veggies, add to the mixing bowl and stir to mix.  Shake the dressing again and pour']","I like the sherry vinegar a lot more than red wine in this application. As I was making it I thought it would need something like feta, but once I tasted it I really don't think that's the case. Dressing might benefit from a pinch of red pepper flakes. A good camping recipe due to the short cook and cold presentation."
2022-12-15,red lentil coconut curry,,"['2 Tbsp coconut oil', '1 onion', '2 cloves garlic; crushed or minced', '2” knob of ginger; minced', '1 cup split red lentils (masoor dal); well rinsed', '1 14oz can crushed tomato or similar', '1 cup cilantro stems', '1/4 cup cilantro leaves', '1 14 oz can coconut milk; full fat', '2.5 cups water', '(optional) 2-3 oz baby spinach', '1 tablespoon curry powder', '1 pinch red pepper flakes', '1/2 lemon', '(optional) 1 side of steamed basmati rice']","['Preheat saucepan over medium heat. Add the onion and fry for 8 minutes, sitting frequently, until soft and caramelized.  Add curry powder, pepper flakes, garlic and ginger and fry for 2 more minutes, stirring continuously.', 'Add lentils and stir through for 1 minutes, then add tomatoes, cilantro stems, water, 1 tsp salt and a big grind of pepper.', 'Add the coconut milk, reserving a few Tbsp if desired for finishing. Bring to a boil then simmer for 25–30 minutes, until the lentils are soft but still holding a little shape. Fold in spinach and take off heat once fully wilted. Season with salt, sugar as needed and lemon juice.', 'Top with fresh cilantro and optional reserved coconut milk.']","- Probably good to double - Could probably use a whole bin of spinach. - By far, my favorite canned tomatoes are Bianco Dinapoli"
2022-12-16,sesame edamame,,"['250 g whole edamame', '1-2 Tbsp black sesame; broken up in mortar and pestle', '1 tsp sesame oil', 'pinch or two of kosher salt', 'togarashi (optional)']","['Place the edamame directly on a baking sheet and broil on high, flipping around until browned with a bit of char; maybe 7–15 minutes.', 'Once cooked, take the edamame out and into a bowl.  Mix in the remaining ingredients, tossing really well so that the sesame seeds and salt stick to the edamame.', 'Serve with an extra bowl for the edamame shells.']","If you can't find togarashi, a little red pepper flake or gochugaru will work."
2022-12-16,microwave steamed salmon bowl,,"['8-10 oz salmon; something fatty - likely farmed', '1 cup frozen spinach broken up small or tender asparagus cut into 1"" segments', '1 cup/210g short or medium grain rice (Kokuho); very well rinsed and drained', '1 1/3 cup water (320g including rinsing residual)', '1/2 heaping tsp hondashi', '1 tsp soy sauce for rice', '1/4 cup soy sauce for marinating', '2-3 green onion; thinly sliced on a bias', '(optional) sesame seeds', '(optional) chili crisp']","['Add drained rice, hondashi granules and soy sauce to large deep Anyday microwave dish. Cook for 10 minutes on power level 4, then 10 minutes on power level 3.', 'While cooking, slice salmon into 1/2” slabs and marinate in soy sauce. 1/4 cup might be too much so start with 2 tbsp first and add more as needed. Chinese light soy sauce worked well.', 'When rice is cooked, remove from microwave and without stirring cover evenly in frozen spinach or asparagus - breaking up any large chunks that would cook more slowly. Lay salmon over vegetables with a little bit of the marinade with each piece. Cook on full power (1200W is what we have) for 3:15. Maybe add 15–30 seconds to make fish and vegetables are cooked through. Top with green onion, and sesame seeds or chili crunch is using.']","While I use a microwave specific dish, should work with any microwave safe bowl and a top that will trap steam but can still vent enough to not explode."
2017-03-08,open faced breakfast sammy,,"['1 slice of sourdough bread', '1 cup of uncooked spinach', '2 thin slices of ""unexpected cheddar"" (Trader Joe\'s)', '1 egg', '1-2 Tbsp neutral oil', '1 tsp olive oil', 'kosher salt', 'ground pepper']","['Toast sourdough bread.', 'While bread is toasting, heat pan to medium heat and add 1–2 Tbsp of neutral oil to the pan. Once heated, add', 'Allow egg to cook until the white congeals and the inside is somewhere between runny and molten. While egg is', 'Assemble sandwich. Drizzle olive oil over bread. Layer the cheese, spinach, and fried egg. Add a sprinkle of salt']",Delicious served on own or with a side of fruit.
2017-12-31,turnip red lentil stew,,"['1 red or sweet yellow onion; diced', '4 garlic cloves; minced', '1 bunch of small turnips (I like hakurei); washed, trimmed, and quartered or 4-5 large turnips; peeled and 1/2"" dice', '1 can tomato sauce/puree', '4 cups vegetable broth and extra vegetable base concentrate', '1 bunch collard greens, chard, or lacinato kale; washed, thick stems removed, and thinly sliced', '1 cup red lentils; rinsed just before cooking', '2 tbsp olive or neutral oil', '1/2 tsp thyme (fresh or dried)', '1/4 tsp dried sage (optional)', 'pinch of red pepper flakes (optional)', '2 shallots; cut in half lengthwise and thinly sliced (optional; see recipe)', '1/4 cup neutral oil (optional; see recipe)', '1 pinch salt (optional; see recipe)']","['Heat pan on medium flame then add oil and onion (and red pepper flakes if using). Cook until onion begins to soften then add garlic and cook until', 'Add lentils and stir again.  If using collard greens, add with lentils.  Bring soup to a boil then reduce to a simmer and cook for about 20 minutes stirring occasionally. Around then the lentils will be a consistent color and texture though and will plump up to fill the pot all of the sudden.', '*If making the optional crispy, caramelized shallots, add shallots and oil to a pan on medium low.  After a few minutes the shallots should be sizzling as they release their moisture.  Cook while stirring occasionally and continue with the stew steps below. About 20 minutes in the shallots should be turning golden. Remove them from the oil and spread out on a paper towel lined plate and sprinkle with salt.*', 'Once lentils are cooked, stir in the herbs (if using) and greens and let cook for a couple minutes.', 'Taste the soup- if it lacks body, add vegetable broth base 1/2 tsp at a time, or maybe a pinch of salt if it just']",Serve with a crack of pepper and za'atar flatbread.
2022-12-15,congee (savory rice porridge),,"['1 cup cooked rice', '2 cups broth (or water, or half/half)', 'splash of shoyu; about 1 tsp', 'dash of sesame oil', 'sesame seeds', '(optional) 1 green onion; greens thinly sliced', '(optional) roasted squash', '(optional) white pepper', '(optional) chili crunch oil', '(optional) pickled radish']","['Blend cooked rice and broth until smooth with some chunks of suspended rice. 15–30 seconds on high.', 'Pour into a saucepan and cook for 5 minutes to allow the rice to absorb some of the broth and thicken.', 'Serve with green onions and shoyu plus other optional toppings.']",Serves 2.
2022-12-15,simple soba noodles,,"['200g (~5-6 oz) dried soba noodles; 2 bunches', '2 Tbsp soy sauce/shoyu', '1.5 Tbsp sesame oil', '1 Tbsp rice vinegar', '1 Tbsp grated ginger; don’t need to peel if it’s fresh', '2-3 green onion; thinly sliced', 'toasted white sesame seeds; for garnish', 'chili oil crunch', 'pickled raddish', 'runny egg', 'seared extra-firm tofu', 'edamame']","['Put water up to boil. Combine shoyu, sesame oil, rice vinegar, ginger and sliced scallion in a cup. Add a splash or water or dashi.', 'Once soba noodles are barely cooked through, strain and rinse under cold water. Place in bowl and top with sauce and garnishes. That’s it.']","Maybe more ginger. Serves 1 as a large meal, 2 as small. Could drop to 150g for a single portion. Good side for a larger Japanese meal."
2017-12-31,miso tahini dressing,,"['1 Tbsp fresh ginger; chopped', '1 small garlic clove; chopped', '2 Tbsp light (shiro) yellow miso', '2 Tbsp tahini', '1 scant Tbsp honey (or maple syrup)', '1/4 cup rice vinegar', '2 Tbsp toasted sesame oil', '2 Tbsp olive oil']","['Combine everything in a blender and run until smooth, scraping  down sides once.', 'Taste and adjust as needed.']","Stores well. This is an acceptably sized small batch, but there isn't much reason not to double this recipe."
2017-12-31,cashew mac-n-'cheese',,"['1 1/2 cups raw cashews; soaked in water for 2 hours', '2 tablespoons lemon juice', '3/4 Cup water', 'salt to taste', '1/4 Cup nutritional yeast', '1/2 tsp chili powder', '1/2 clove garlic', '1/4 tsp turmeric', 'pinch of cayenne pepper (optional)', '1/2 tsp mustard; dijon or yellow', '16 ounces Elbow or shell pasta of choice', 'black pepper to taste']","['Prepare the pasta according to package directions. Drain the cashews if you soaked them (This makes them easier to blend).', 'While the pasta is cooking, combine the cashews, lemon juice, water, salt, nutritional yeast, chili powder, garlic, turmeric,', 'Once the pasta is tender, drain it, then return the pasta to the pot and stir in the cheese sauce. Season to taste with']",Can blanch peas with this too for a more complete meal.
2022-12-15,farmer's miso hummus,,"['1-3 cloves garlic', 'Juice of 1 lemon (maybe zest too?)', '1 can chickpeas; drained but liquid reserved', '2-3 Tbsp chickpea liquid', '1/4 cup tahini', '2 Tbsp miso (any color, but darker for more flavor)', 'extra virgin olive oil (optional)', ""za'atar (optional)""]","['Add all the non-optional ingredients and blend.  Add more chickpea liquid as needed to keep things moving and get the desired texture.', ""Optionally, top with extra virgin olive oil or za'atar.""]",Good dip for veggies or on sandwiches. Can pulse in parsley for a nice green effect.
2018-11-05,turmeric immune soup,,"['2 tsp olive oil', '4 carrots; small dice', '4 celery stalks; small dice', '2 smallish white, sweet or spanish onion; small dice', '2-3 inches garlic; minced', '6-8 garlic cloves; minced', '3 tsp ground turmeric', '1/2 tsp red chili flakes', '1 1/3 cup dried orzo', '8 cups vegetable broth', '2 Tbsp light miso', '1 Tbsp apple cider vinegar', '1/4 cup parsley, flat or curly; chopped']","['Heat a broad based pot over medium high heat.  Add olive oil, then onion, carrot and celery.  Cook until onion is', 'Once at a low boil, add orzo and cook stirring intermittently until almost al dente; 7–10 minutes.  In a small bowl,', 'Check seasoning and add salt or pepper as needed. Stir in parsley and serve.']","Goes well with a crusty bread. Also stores well, but orzo will get plump and absorb lots of the broth."
,date balls,,"['1/2 Cup peanut butter; from the fridge preferably', '10-12 pitted dates', '1 Cup shredded coconut; plus more for rolling', '1 Tbsp honey (optional)']","['Blend everything in a food processor until smooth enough that there are no large chunks of date.', 'Optionally, wet hands very lightly and shape into 10–12 heaping tablespoon-sized balls.', 'Roll in shredded coconut.', 'Store in the fridge or freezer.']",
2022-12-16,garlic bread,,"['1 loaf whole wheat French bread', '4 Tbsp butter; softened at room temp', '4 cloves of garlic; minced', '2 tbsp parsley; minced', '1/2 cup shredded Parmesan', 'Salt and pepper to taste']","['Preheat oven to 400°F. Cut French bread in half (you should have two open sides).', 'Mash together garlic, butter, parsley, and salt/pepper. Spread evenly on open side of bread. Sprinkle cheese on top.', 'Bake 8–12 min until Parmesan is beginning to brown and bread is crunchy']",Dip in soup.
2022-12-16,brocolli feta soup,,"['1 lb broccoli; rinsed and chopped (including the peeled stems)', '4 cups vegetable broth', '2 cups water', '3 cloves garlic; minced', '1 small pinch red pepper flakes', '5-10 cracks of black pepper', '5 oz cup orzo pasta (approx 3/4 cup)', '4 - 6 oz feta cheese; crumbled', 'extra virgin olive oil for serving (optional)', 'lemon juice for serving (optional)']","['In a medium pot combine the broccoli, garlic, broth, water and peppers. Bring to a boil and then reduce heat to a simmer. Cover your pot and cook for 30 minutes.', 'Using a potato masher, gently smash the broccoli until reaching desired texture. Add the orzo and red pepper and cook uncovered, stirring frequently until pasta is cooked (about 10 minutes). The pasta will stick if left unattended for too long.', 'Remove the pot from heat and crumble in your feta. Mix it in. Add lemon juice if needed (didn’t because we had good acid in our feta) and season with salt if needed (ours had enough from the feta and broth). Drizzle with olive oil if desired (ours didn’t need it as well but is a nice flourish).', 'Serve with a crusty bread.']",Double it because it's better the next day.
2022-12-15,quick pickles 2.0,,"['1 part white vinegar', '1 part water', '1 small pinch of salt per 2 cups brine', 'sliced vegetables to pickle; e.g., red onion, radish, jalapeño, daikon']","['Combine the vinegar, water and salt in a small pot. Cover and bring to a simmer.', 'While the brine is coming up to heat, stuff a mason jar with the prepared vegetables.', ""Once simmering, pour brine onto vegetables until they're covered. Let sit out until cool enough to handle the jar then cover and place in fridge.""]",Should last at least a month. This is so much easier that I use this for almost everything.
2018-02-09,daily daal,,"['8 oz red lentils (about 1 heaping cup)', '2 Tbsp neutral cooking oil (e.g., avocado)', '10 black peppercorns', '5 cloves', '1 onion; small dice', '2.5"" ginger; finely mined or grated', '5 garlic cloves; peeled', '1 tsp chili powder', '1 scant tsp coriander', '1/2 tsp turmeric', '1 tsp salt', '1 14oz can plum tomatoes', 'cayenne pepper (optional)', 'handful of cilantro; rinsed and roughly chopped (optional)', 'one recipe basmati rice', 'lemon (optional)']","['Rinse red lentils until water runs clear.  Put in tall pot and cover with 2.5 cups cold water.', 'While lentils are cooking, heat the oil in a new pan over medium-low heat.  When hot, add peppercorns and', 'Add can of tomatoes, crushing with your hands as they go in (granny style) or crush with wooden spoon in pan.', 'Once the sauce has darkened and thickened a little bit start adding in the lentils with a slotted spoon.', 'Simmer on low heat for 10 more minutes, uncovered if looking to thicken the sauce.  Taste and adjust seasoning.', ""Serve with basmati rice or Jeff's naan and a sprinkle of chopped cilantro.""]",
,microwave steamed eggplant,,"['1 eggplant; stripe peeled and 1/2” cubed', 'Olive oil', 'Salt and pepper', '2 garlic cloves']","['Toss eggplant cubes with salt and let sit for up to 30 minutes.', 'Pour off any released liquid and pat dry.', 'Drizzle generously with olive oil and stir to coat.', 'Place in a microwave-safe steaming vessel and cook for 3–5 minutes at 1200W.', 'Toss and check seasoning. Cook for another 3–5 minutes.', 'Add garlic, stir, and cook for 30–60 seconds longer.']",This goes great in pasta and red sauce to make a dish similar to Pasta a la Norma.
,baked tofu,,"['1 block super firm tofu', '1 Tbsp oil', '2 Tbsp soy sauce or liquid aminos', '1 Tbsp corn starch']","['Slice tofu into 2 or 3 slabs or cut into cubes. Optionally, press out any extra moisture with a dish towel.', 'Mix sauce from remaining ingredients then soak tofu.', 'Preheat oven to 400°F and let the tofu marinate while it’s heating.', 'When oven is hot, place on a large sheet pan lined with parchment or Silpat.', 'Cook for 25–30 minutes, flipping in the middle.']",- This is lighty seasoned and ready for use in other recipes. - I like to use this on rice bowls with vegetables and a peanut sauce.
2017-12-31,miso rice bowl,,"['3/4 cup of brown rice', '1/4 cup of wild rice', '1-2 sweet potatoes; peeled and 3/4"" cubed', '1 large bundle of broccoli', '2-4 tbsp neutral oil', 'coarse or kosher salt', 'freshly ground black pepper', '1 tsp white sesame seeds', '1 tsp black sesame seeds', '1 recipe miso-tahini dressing']","['Heat oven to 400°F. Cook rice in a rice cooker on the brown setting.', 'Toss sweet potatoes in a neutral oil and a sprinkle of salt.', 'Using one large or two smaller trays, spread out sweet potatoes and roast for 20 minutes, until browning underneath.', 'While vegetables are roasting, prepare the miso-tahini dressing.', 'Assemble bowls. Scoop rice into each bowl, pile on vegetables, and coat lightly with dressing. Sprinkle toasted']",Easily doubled. Equally delicious over wheat berries or farro. Also good with a drizzle of sriracha.
2017-07-21,food processor pasta dough,,"['3 eggs', '1/2 tsp salt', '2 cups all purpose flour', '1 Tbsp olive oil']","['Pulse salt and flour in a food processor.', 'Add eggs and olive oil to bowl and process for 30–60 seconds.  The contents should come together into a large ball.', 'Once you have a ball, plop the dough onto a cutting board and knead until the ball is relatively smooth and soft.', ""Cover the dough with plastic wrap and let rest for 30 minutes.  Once rested it is ready to be rolled into whatever style pasta you'd like""]","For a more decadent pasta, replace one whole egg with two yolks."
,sweet potato tahini bowl,,"['1 small to medium sweet potato; rinsed and halved', 'extra virgin olive oil; drizzle', 'tahini; drizzle', '1/4 Cup crumbled feta cheese', '2 eggs; 9 minute cook', 'salt and pepper', '(optional) 1 green onion; sliced on a bias', '(optional) 1/2 avocado; sliced']","['Cook potato in microwave - 5–7 minutes on full power (1200W).', 'Slice into potato with a crosshatch pattern, then lightly season with salt and drizzle with olive oil.', 'Top with eggs, split in half.', 'Drizzle with tahini, then feta.', 'Tuck in any avocado and sprinkle green onion.', 'Finish with a few cracks of pepper on top.']","- serves 1 - The 9 minute egg cook is a just-set, almost molten yolk. - I cook and eat this in the Anyday small, deep bowl. - Can also substitute a baked sweet potato."
,"farro, broccolis and shiitakes",,"['1 Cup (200g) whole or semi-pearled farro', '1 Tbsp olive oil', '1 medium red onion or 2 shallots, thinly sliced', '8 oz (225g) shiitake mushrooms, stems removed and caps sliced', '3 cloves garlic, minced', '4 Cups (280g) small broccoli florets', '½ Cup (120ml) vegetable broth', '1 Tbsp soy sauce', '¼ Cup (25g) grated vegan parmesan cheese (or regular parmesan if not vegan)', 'Freshly ground black pepper, to taste']","['Cook the farro by rinsing it under cold water. Combine it with water and a pinch of salt. Use a 1:3 ratio of farro to water. Boil over high heat, reduce to a simmer, and cook until tender (about 25 minutes for semi-pearled farro or up to 40 minutes for whole farro). Drain any excess water and set aside.', 'Heat olive oil in a large skillet over medium-high heat. Add sliced onion or shallots and cook until softened, about 3–4 minutes. Add sliced shiitake mushrooms and cook until they release moisture and reduce in volume, about 5–7 minutes. Stir in the minced garlic and cook for another minute.', 'Add the broccoli florets to the skillet along with vegetable broth and soy sauce. Stir to combine, cover the skillet, and reduce heat to medium. Steam the broccoli until tender, about 5–7 minutes.', 'Remove the skillet from heat. Stir in the cooked farro and grated vegan parmesan cheese until well combined. Season with freshly ground black pepper to taste. Serve warm.']",- This recipe can be supplemented with 1-2 Cups of cooked French lentils for added protein. - It keeps well in the refrigerator for up to a week in an airtight container and can be reheated in the microwave. - Using reduced-sodium vegetable broth can enhance the dish's flavor.
,microwave acorn squash curry,,"['1 acorn squash; washed and cubed', '2-3 Tbsp water', '1-2 Tbsp olive oil', '~1 Tbsp garam masala', '~1 Tbsp curry powder', '2 cloves garlic; thinly sliced', '1 tsp maple syrup; drizzled', '1 Cup cherry tomatoes; halved (optional)', '1/2 Cup frozen peas (optional)']","['Add squash, water, oil, and a pinch of salt to a microwaveable steaming container.', 'Cook on full power (1200W) for 5 minutes.', 'Mix, then cook on high for another 5 minutes. Optionally, add garam masala at this stage.', 'Add garlic, spices, and syrup, then cook for another 2 minutes.', 'Optionally, add cherry tomatoes with a small pinch of salt and a splash of water, then cook for 5 minutes, stirring once.', 'Optionally, add frozen peas and cook for another 3–5 minutes.', 'Adjust salt or curry powder as needed.']",
2022-12-16,stewed chinese dumplings,,"['1 bag frozen wontons, dumplings, gyoza, etc', '10-14 oz mushrooms; cut into bike sized pieces', '2 cups veggie broth', '2-4 baby/shangai bok choy; sliced and washed', '2 cloves garlic; minced', '1” ginger; peeled and minced', '2 Tbsp oyster sauce', '1 Tbsp rice vinegar', 'Neutral oil for cooking', '1 Tbsp sesame oil', '2 green onion; sliced', '1-3 Tsp chili crisp; depending on desired heat', 'White sesame seeds; for garnish']","['Heat large pan over medium heat and add 1 Tbsp of oil. Add mushrooms and cook, covered for a few minutes to steam through then uncover and finish browning. When cooked through, add garlic and ginger and cook for 1 minute while stirring frequently.', 'Add bag of frozen dumplings, 1–2 cups of the broth, and the oyster sauce. Stir to combine.  Lay bok choy over the top of the stew. Cook, covered again, for 5 minutes to steam the dumplings.', 'Uncover, add rice vinegar and simmer until sauce is desired consistency.', 'Take off heat and add sesame oil, chili crisp and green onion. Mix then top with sesame seeds.']","- Used king trumpet mushrooms sliced into slabs. Can also use oyster, shitake, maitake, beech, etc. - Loved the Trader Joe’s vegetable gyoza - 1 Tbsp Momofuku black truffle chili crisp was high end of what I’d want for spice level. - Went with about 1.75 cup of broth"
2022-12-15,pan-roasted brussels sprouts,,"['1 lb brussel sprouts; bottoms trimmed and cut in half', '2 Tbsp olive oil; maybe more', '2 Tbsp maple syrup', '1-2 Tbsp balsamic vinegar', 'salt and pepper to taste']","['Heat cast iron pan over medium heat. Add oil then add sprouts with salt and pepper, stirring only occasionally to allow for browning to develop.', 'Once tender through, add syrup and vinegar and stir almost continuously to prevent burning. Cook until sprouts are well coated and the sauce thickens slightly. Turn off heat but keep in pan for serving to keep them warm.']",Good the next day too.
,spinach egg salad,,"['3 eggs; steamed or boiled for 9 minutes', '1/4 - 1/2 Cup avocado oil mayonnaise', '1-2 Tbsp Dijon mustard', 'Old Bay seasoning', '1 handful spinach; rinsed and chopped', '3 slices lightly toasted bread']","['Mash eggs with a fork to desired consistency.', 'In a bowl, combine mashed eggs, mayonnaise, Dijon mustard, and chopped spinach.', 'Season generously with Old Bay until slightly salty, as it will also season the bread.', 'Spoon and mash onto lightly toasted bread.', 'Serve, ideally with fresh berries on the side.']","- Scales at 100%. - Avoid boiling more than 6 eggs at a time due to the temperature dip. - For best peeling, place eggs straight from the fridge into 1"" of boiling water to steam and boil simultaneously. After cooking, transfer eggs directly into a bowl of ice water and let sit for at least 10 minutes."
2023-01-05,italian potato stew,,"['3 sticks celery; large dice', '3 carrots; large dice', '1 medium or large russet potato; peeled and diced (~1/2"" dice)', '(optional) small onion; diced', '2 tbsp extra virgin olive oil', '1 pinch red pepper flakes', '2 garlic cloves; thinly sliced', '2-3 Tbsp tomato paste', '6 cups of vegetable broth', '2 cans navy beans; drained and rinsed', '1 bunch lacinato kale; stem removed and thinly slice', 'MSG or kombu', '8 oz (1/2 lb) small shape pasta', 'black pepper and fresh grated parmigiano reggiano for serving']","['Heat a heavy pot over medium heat. Add celery, carrots (optional onion) and potato to pot with oil and simmer for a', 'Add broth and being to a boil. Add beans and optional kombu and simmer for another 5 minutes. Remove 2 cups of the', 'Once boiling, add pasta and optional kale. Cook until pasta is just barely al dente and take off heat. Season with']","This is akin to stone soup - you can really add anything to it. Fennel, parsley, parm rind, chickpeas, etc. Similar to pasta e ceci. If i ate meat I would add italian sausage."
,microwave blueberry oats,,"['2.5 oz (70g) instant oats', '7.0 oz (200g) almond milk', 'Pinch salt', '0.5 oz (10g) maple syrup', 'Dozen or so frozen blueberries', '(Optional) 1/2 tsp cocoa powder']","['Combine oats, almond milk, salt, maple syrup, blueberries, and cocoa powder (if using) in a microwave-safe bowl.', 'Cover and microwave (1200W) for 2 minutes at power level 7/10.', 'Microwave for an additional 30 seconds at full power.', 'Stir and let sit briefly before serving.']",
2022-12-17,asian avocado toast,,"['2 slices rustic bread; e.g., prussian rye from whole foods', '1 ripe avocado; split in half and cut into large chunks', '1 Tbsp shoyu (or other type of soy sauce)', '1 tsp toasted sesame oil', '1 tsp rice vinegar', '1 tsp sriracha or chili crunch oil', 'white and black toasted sesame seeds']","['Darkly toast the bread, so it keeps its crunch.', 'While toasting, with a spoon lightly stir together everything from avocado to rice vinegar - making sure not to mash the avocado yet.', 'If using the sriracha also include this in the mixture.  If using chili crunch (like the momofuku chili crunch oil), then wait to top the toast at the end.', 'Once the bread is toasted give it a minute outside the toaster to release some moisture. Tip the avocado mixture evenly onto the two pieces of bread then lightly mash in with a fork, creating fork marks for texture. Using the texture to hold them, top heavily with sesame seeds and the chili crunch if using.', 'Check the season and sprinkle with finishing salt if needed.']",If splitting between two people it's nice to cook a runny over-easy egg for each piece.
2018-04-11,jess bowl,,"['1 3/4 cup brown rice', 'neutral oil; I prefer avocado oil', '1/4 cup wild rice; cooked', '2 large sweet potatoes; 3/4"" dice', '2 delicata squash; cut into half moons', '1 recipe miso braised greens', '8 oz crimini mushrooms; stems removed and washed, cut in half', '2 tbsp neutral oil', 'kosher salt', '1 avocado; sliced', 'sriracha to taste', 'toasted sesame oil to taste', 'soy sauce or tamari to taste', '1 tsp white sesame seeds', '1 tsp black sesame seeds', 'fried egg (optional)']","['Cook rice in a rice cooker on brown setting or on the stove.', 'Heat oven to 400°F. Peel sweet potatoes and cut into 3/4"" cubes. Toss in a 1–2 Tbsp neutral oil with a', 'While potatoes and squash are cooking, heat a pan to medium-low heat. Add 2 Tbsp neutral oil and crimini mushrooms', 'Prepare bowls. Before adding vegetables, mix a dash of toasted sesame oil into the cooked rice. Pile on vegetables']","Best rice bowl ever. Rice can be cooked on a timer so that it can soak for longer, up to 12 hours."
,vegan tomato bisque,,"['Olive oil', '1 (28 oz) can whole tomatoes (Bianco DiNapoli recommended)', '1 (15 oz) can full-fat coconut milk', '1 onion; diced', '3-4 garlic cloves; sliced', 'Salt and pepper', 'Maple syrup', '1 red bell pepper; cut into chunks (optional)']","['Heat a few glugs of olive oil in a pot over medium heat.', 'Add onion and cook until browning and caramelizing, about 10 minutes. Optionally, add red bell pepper. A little salt may help the onions break down.', 'Add garlic and cook for 2–3 minutes.', 'Add tomatoes and break them into smaller pieces using a meat masher or potato masher. Simmer for a few minutes.', 'Add coconut milk and a few cracks of pepper. Bring to a simmer for 5–10 minutes.', 'Use a stick blender to blend to desired consistency.', 'Simmer for another 5–15 minutes, keeping the temperature low to prevent burning.', 'Taste for seasoning and adjust with salt and maple syrup as needed (about 1 tsp of maple syrup recommended).']",- Simmering longer will develop a deeper flavor. - Cooking times are approximate; keep the temperature low to prevent burning.
2017-05-29,banana smoothie,,"['1 peeled; previously frozen banana', '1 cup unsweetened plain almond milk', '2 Tbsp natural peanut butter', '1 Tbsp rolled oats', '(optional) a few ice cubes for texture', '(optional) 1/2 cup frozen spinach or 1 to 2 cups of fresh, rinsed spinach', '(optional) 1/2 - 1 cup frozen blueberries', '(optional) 1 pinch garam masala or cinnamon powder']","[""Add to blender in the general order the ingredients are listed.  If you want to really mix it up add one of the 'optional' spices."", 'Blend until smooth, using the tamper or adding almond milk to help everything combine.']",Add frozen blueberries or spinach but not both unless you want a brown smoothie.
,microwave quinoa fruit puree,,"['1/4 Cup white quinoa, rinsed', '1/2 Cup water', '150g peach, fresh or frozen', '120g raspberry, fresh or frozen']","['Cook the quinoa and water on power level 5 (1200W microwave) for 11–12 minutes.', 'Add the fruit and cook on power level 5 for 3 more minutes until everything is softened.', 'Puree to desired texture with a stick blender.']",
2019-11-03,mushroom mapo tofu,,"['3 Japanese Cups medium grain or jasmine rice; cooked in rice cooker', '1-2 oz dried shitake mushrooms; soaked in 4 cups water', '12 oz crimini mushrooms', '2 lb soft tofu; cut into 1"" cubes', '2 leeks; halved lengthwise, washed and slived into 1"" pieces on an angle', '2 Tbsp ginger; minced', '2 Tbsp garlic; minced', '2 tsp gochugaru', '4 Tbsp doubanjiang', '2 tbsp sichuan peppercorn (optional)', '3 Tbsp chili crisp; I prefer Momofuku brand', '2 Tbsp fermented black bean paste', '2 Tbsp corn starch mixed with 2 Tbsp cold water to form a slurry']","['Drain the shitake mushrooms (reserving the soaking liquid) and finely chop them along with the fresh mushrooms - discarding any hard stems. Have all the mise en place ready before starting cooking.', 'Bring a pot of salted water to boil and poach the tofu. Drain, lightly season with salt and keep warm.', 'Heat 1 Tbsp oil in a large deep pan or a wok over high heat. Add the mushrooms and cook, turning over every once in a while so that everything cooks and browns.', 'Once the mushrooms release their liquid, and it evaporates, add the leek, garlic and ginger and cook for 3 minutes. Scoop the vegetables out of the wok and wipe clean if needed.', ""Add another 1 Tbsp oil to the pan/wok and put it back on high heat.  Add the doubanjiang, chili crisp, black bean, sichuan pepper (if using), and gochugaru flakes.  Fry, stirring continuously so it doesn't burn, until the oil separates from the mixture - about 1 minute."", 'Stir the mushroom soaking liquid into the hot mixture, then add the vegetables and bring to a boil. Add the cornstarch slurry and boil again.  Stir in the tofu cubes and stir carefully to coat.', 'Serve with rice.']","A lot of these ingredients will have to be acquired at the asian grocery store; e.g., H-mart."
,creami coconut raspberry ice cream,,"['1 can full-fat coconut milk', '50g maple syrup', '1 tsp vanilla', '1 pinch salt', 'About 1/2 Cup frozen raspberries']","['Blend all ingredients except raspberries to evenly mix in the sugar.', 'Pour into a container and freeze for 24 hours.', 'Process using the ""Lite Ice Cream"" setting.', 'If still crumbly, perform one re-spin until smooth enough to make a tunnel for toppings.', 'Open a 1–1.5 inch hole down to the bottom and fill with frozen raspberries.', 'Run the ""+Mix-In"" setting.']",
2021-02-16,chilaquiles roja,,"['5 roma tomatoes; split in half, longways', '1/2 white onion; cut in half into two large quarters', '1 jalapeño; split in half', '2 garlic cloves, peel on', '2 dried chiles de arbol (optional); tops trimmed, deseeded and covered and rehydrated in boiling water for 10 minutes', 'salt', 'avocado oil (or other neutral oil)', '4 cups tortilla chips (or whatever amount feels right -- I normally grab about four handfuls)', '1/2-1 cup vegetable broth', 'feta cheese', 'fresh group pepper', '2 eggs', 'few sprigs of cilantro; roughly chopped']","['You can make the salsa roja ahead of time.  Preheat the broiler. Add a tiny bit of oil to a baking sheet -- I find these fit perfectly on the smaller quarter sheet. Add', 'When ready to cook, preheat a small pan for eggs on medium low and a larger pan on medium high for the tortillas.', 'Cook the eggs slowly, in a bit of oil, sunny side up or over easy.', 'While eggs are cooking, add Tbsp of oil to the large pan then add 1 cup of the salsa roja and simmer for a few minutes on its own to develop flavor.  Add broth and bring back up to a simmer', 'Plate the chilaquiles and add the egg, crumbled feta, chopped parsley and a crack of fresh black pepper.  Serve immediately before it gets soggy.']","Meal for two. Based on an Ethan Cheblowski recipe. The salsa is relatively hot, especially if you use the chiles de arbol."
2019-12-22,vegan pumpkin cholocate chip cookies,,"[""1/2 cup coconut oil; solid (be sure it's not melted)"", '3/4 cups dark brown sugar; packed', '1/2 cup granulated sugar', '2 tsp vanilla extract', '2 Tbsp maple syrup', '2 Tbsp unsweetened coconut milk (almond or soy milk will also work)', '2/3 can pumpkin puree (not pumpkin pie mix)', '2 1/4 cups all-purpose flour; unpacked', '1 tsp baking soda', '1/2 tsp salt', '2 tsp pumpkin pie spice (optional)', '1/2 - 1 cup chocolate chips', 'coarse salt']","['Preheat oven to 375°F. Line a large baking sheet with parchment paper; set aside.', 'In the bowl of a stand mixer fitted with the paddle attachment, or in a large bowl using a handheld electric mixer,', 'In a separate bowl combine the flour, baking soda, salt, and pumpkin pie spice; whisk well to combine.', 'Add the dry ingredients into the wet mixture and, with the mixer on low speed, beat until ingredients are combined.', 'Scoop three tablespoon sized mounds of dough onto the prepared cookie sheet, leaving a few inches between each']",Jess' creation and favorite desert. These are somewhere between a cookie and a muffin top.
2022-12-15,beet smoothie,,"['2 small beets (or 1 medium/large); cooked and peeled', '1/2 cup frozen berries', '1 frozen banana', '1 cup unsweetened almond milk']","['Combine.', 'Blend until smooth. (water drop sign on a Vitamix)']",- Tastes like earth. - I like to use the precooked and peeled beets from Costco. - Can sneak in some flax meal as well.
2022-12-16,strawberry summer spinach salad,,"['1 cup cooked quinoa', '8-10 oz baby spinach; washed and spun dry', '3/4 cup feta cheese; crumbled (from a block)', '1 quart of strawberries; hulled and cut into quarters or slices', '1/2 red onion; thinly sliced and plunged into cold water while preparing rest of salad', '3/4 cup slivered almonds; toasted in a dry pan', '1/4 cup balsamic vinegar', '3 Tbsp extra virgin olive oil', '1/2 tsp kosher salt (plus more for serving)', '1/2 tsp dijon mustard', '1.5 Tbsp honey', '1/4 tsp cracked pepper']","['Mix all ingredients from vinegar to black pepper in a mason jar. Cover the jar and shake to emulsify. Store in the fridge while preparing the salad ingredients.', 'When all the components are ready, start by gently tossing the dried spinach leaves with the dressing - starting with about 3/4 of the dressing volume. add a small pinch of salt then layer in the other ingredients without crushing the greens.', 'serve with extra dressing and any leftover feta cheese.']","Delicious, but doesn't keep well. Best for a crowd who will finish it."
2018-09-18,coconut baked oatmeal,,"['1 Tbsp coconut oil (or other neutral oil to grease baking pan)', '3 ripe bananas', '2 eggs', '1/3 cup shredded, unsweetened coconut', '1/4 cup brown sugar', '1 tsp vanilla extract', '1 tsp baking powder', '1/2 tsp kosher salt', '1 can coconut milk', '2 1/4 cup rolled oats (not quick cooking)', 'bluberries, strawberries, raspberries, blackberries; washed (optional)', 'coconut whipped cream (optional)']","['Preheat the oven to 375°F (without convection) and melt coconut oil (or replacement) to grease baking dish.', 'Smash bananas in large mixing bowl. Combine all ingredients up to rolled oats and mix well.  Spoon in oats and', 'Bake for 45 minutes.  Remove and let cool for a couple minutes before digging in.  Optionally, top with fruit and']",Can be served warm or cold. Keeps for a few days in the fridge.
,microwave mapo tofu,,"['6-10 (120-200g) shiitake or crimini mushrooms; small dice', '1 tsp Sichuan peppercorns (optional); finely ground', '2 Tbsp ginger; finely chopped', '4 cloves garlic; finely chopped', '2 Tbsp avocado or other neutral oil', '1 Tbsp fermented black beans (douchi)', '1 Tbsp Sichuan chili bean paste (doubanjiang)', '1 1/3 Cups (320ml) vegetable stock or water', '1 Tbsp soy sauce', '14 oz (400g) firm tofu; diced medium', '4 tsp cornstarch; mixed with 1 Tbsp cold water', '1/2 tsp sesame oil', 'Scallions; thinly sliced (optional)']","['Add mushrooms, Sichuan peppercorns, oil, ginger, garlic, fermented black beans, and chili bean paste to an Anyday dish (covered, deep microwave safe cooking vessel). Stir to mix. Cover with the lid (knob lifted for venting).', 'Cook in the microwave for 3–4 minutes, or until fragrant.', 'Add vegetable stock and soy sauce and stir to mix. Carefully place tofu in the sauce. Cover and cook for 8–9 minutes, or until heated through.', 'In a small bowl, mix cornstarch with water to create a slurry. Add to the dish. Cover and cook for 3–4 minutes, or until the sauce has thickened.', 'Garnish with a drizzle of sesame oil and a sprinkle of scallions, if using.']",Serve with white rice and sweet cucumber pickles.
2018-09-27,rustic baguettes,,"['680 grams lukewarm water; less than 100F', '1 Tbsp granulated yeast', '1 1/2 Tbsp kosher salt', '680 g white flour', '230 g whole wheat flour', 'some semolina flour']","['In a large, sealable container over a scale add water then yeast and salt.  Mix.', 'Let sit out, with lid on lightly so that gases can escape, for 2–4 hours while it rises then collapses a bit.', 'When ready to cook, preheat oven to 450°F with a steamer tray.  Dust bin top with a little semolina then gently', 'Let cool, then eat.  Should last a day or two.']",Makes 5-8 baguettes depending on size. This dough also works great for pizza or a normal loaf.
,maple balsamic brussels sprouts,,"['1 lb brussels sprouts; bottoms trimmed and cut in half', '2 Tbsp olive oil; maybe more', '2 Tbsp maple syrup', '1-2 Tbsp balsamic vinegar', 'salt and pepper to taste']","['Heat a broad pan over medium heat.', 'Add olive oil, then add Brussels sprouts with salt and pepper. Stir only occasionally to allow browning to develop.', 'Once tender throughout, add maple syrup and balsamic vinegar.', 'Stir almost continuously to prevent burning and cook until sprouts are well coated and the sauce thickens slightly.', 'Turn off heat but keep in the pan for serving to keep them warm.']","- I like a thicker, aged balsamic vinegar for this recipe."
,microwave pasta primavera,,"['240g pasta', '500g water', '2 Tbsp EVOO', '1 tsp salt', '75g+ thinly sliced red onion', '100g+ asparagus; cut to 1""', '1/2 Cup frozen peas', '1/3 Cup (90g) whole milk yogurt', '50g grated Parmesan']","['Add pasta, water, olive oil, salt, and red onion to a large deep Anyday pot.', 'Mix and cook for 11 minutes at full power (1200W) uncovered.', 'Stir, then add asparagus and peas.', 'Cook for another 4 minutes uncovered, stirring at 2 minutes to ensure the pasta finishes cooking.', 'Remove from microwave and mix in yogurt and Parmesan.', 'Stir to combine, then let cool slightly for the sauce to set and thicken.']",- Serves 2 and a baby.
,gogumabop (sweet potato rice bowl with soy dressing),,"['2 rice cooker Cups short or medium-grain rice', '2 small to medium sweet potatoes, peeled and cubed 1/2""', '1/2 Cup green onion, thinly sliced', '1/4 Cup soy sauce', '2 Tbsp rice vinegar', '1 clove garlic, minced', '1 tsp honey', '1 Tbsp toasted sesame seeds', '1/2 tsp gochugaru or similar chili flake', '(optional) toasted seaweed squares', '(optional) toppings: fried egg, avocado, cherry tomatoes, kimchi']","['Rinse and fill water for rice as normal in an electric rice cooker.', 'Top with cubed sweet potato and cook.', 'While the rice is cooking, combine the rest of the ingredients in a mason jar and shake to combine/dissolve.', 'When rice is done cooking, stir to incorporate sweet potato.', 'Serve topped with a few spoonfuls of the sauce.']","- Serves 2-4. - Mixing the sauce into all of the rice completely is also fine. - To scale for 4-6, use 3 Asian cups of rice and 1.5 lbs sweet potato, then double the sauce at 100%."
2016-02-02,(jeff's) naan,,"['2 tsp dry active yeast', '1 tsp sugar', '1/2 cup water', '2 1/2 - 3 cups all-purpose flour, divided', '1/2 tsp salt', '1/4 cup olive oil', '1/3 cup plain yogurt (greek works as well)', '1 large egg']","['In a small bowl, combine the yeast, sugar and water. Stir to dissolve then let sit for a few minutes or until it is', 'In a separate medium bowl, combine 1 cup of the flour with the salt. Next, pour the bowl of wet ingredients', 'At that point, turn the ball of dough out onto a lightly floured surface and knead the ball of dough for about', '5 to 3 cups flour total. The dough should be smooth and very soft but not sticky. Avoid adding excessive amounts', 'Loosely cover the dough and let it rise until double in size (about 1 hour). After it rises, gently flatten the', 'Heat a large, heavy bottomed skillet over medium heat (I prefer cast iron for this). Working with one ball at a time,']",This is pretty much just the budget bytes homemade naan recipe. These keep well stored in mason jars then reheated on a hot pan like they were cooked.
2022-12-16,apple cheddar crisp salad,,"['1 small shallot, minced', '3 Tbsp apple cider vinegar', '1/2 tsp smooth dijon mustard', '1 Tbsp mayonnaise', '6 Tbsp extra virgin olive oil', 'salt and pepper', '1 cup (115 grams or 4 ounces) sharp cheddar; coarsely grated', '1 cup sliced almonds', '2 Tbsp (15 grams) powdered sugar', '1/4 tsp kosher salt', '1/4 tsp ground cayenne', '5 ounces (140 grams) kale leaves, any variety, cut into thin ribbons', '1 large crisp apple; halved, cored, and cut thin']","['Heat oven to 400°F.', 'Make cheddar crisps and sugared almonds: Line a large (half-sheet size) rimmed baking sheet with parchment paper. Scatter cheddar evenly over half the parchment, in about a 8×12-inch, 1/4-inch thick rectangle. Sprinkle with a little cayenne or black pepper.', 'Rinse almonds under cold water and shake off excess liquid. In a bowl, toss wet almonds with powdered sugar, salt, and 1/4 teaspoon cayenne until evenly coated. Spread on second half of parchment-covered baking sheet in a thin, even layer, leaving an inch around it bare, so it can spread.', 'Bake almonds and cheddar together for 4 to 9 minutes, until the cheese is melted into a lacy, evenly deep golden brown crisp and the almonds are dark at the edges and lightly golden throughout. Watch it closely. Both the cheddar and the almonds will go from not-yet-golden to perfectly bronzed to burnt in what feels like a one-minute period. Check it at 4 minutes, then every minute or two thereafter until the pan is just right. Remove and let cool while you finish the salad.', 'Finish the dressing. To the shallots and vinegar in the bowl, whisk in dijon, mayo or yogurt, then drizzle in olive oil, whisking the whole time. Season dressing with salt and lots of freshly ground black pepper.', 'Assemble. In a large wide bowl or salad plate, toss greens with 2/3 the dressing to start, then tasting and adding the rest if you wish. Arrange the apple over the greens, fanning out slices. Break off clustered of almonds from the baking sheet and scatter them over the salad. If the cheddar crisp seems very oily, you can blot it with a paper towel, before tearing or cutting it into large bite-size pieces and scattering them over the salad. Season the salad with additional salt and pepper and serve right away.']","The nuts can be stored in an airtight container at room temperature for a week. The cheese crisps are best kept the fridge, lightly covered. The dressing will keep for several days in the fridge. Washed and blotted dry kale keeps in the fridge for several days. The method for candied sliced almonds is ridiculously good."
2025-03-02,chewy mochi rice bars,,"['1/2 Cup mochi flour', '1/2 Cup water or almond milk', '2 Tbsp butter, sliced', '2 Tbsp maple syrup', '2 Cups puffed brown rice (aka brown rice crisps)', '(optional) 1/4 Cup unsweetened shredded coconut', 'Pinch of salt']","['Mix together flour, liquid, butter, salt, and syrup in a large microwave-safe bowl (large so we can mix in the rice and coconut later).', 'Microwave covered on high (1200W) for 1 minute.', 'Stir to finish melting the butter.', 'Cook again for 2 minutes on high.', 'Mix brown rice and coconut until evenly combined.', 'Place mixture on a buttered sheet pan or plain parchment paper in the desired shape. I like a rectangle that I can cut into 4 smaller rectangle bars (see photo on 1/4 pan).']","For a ride, I like to take a couple in a folded-over piece of parchment paper inside a Stasher bag."
2022-12-16,honey butter roast carrots,,"['2 lb medium carrots; a mix of colors is best - orange, purple, yellow and white', '2 Tbsp extra virgin olive oil', 'Salt and pepper', '2 Tbsp honey', '2 Tbsp butter; cubed', '2 Tbsp minced parsley']","['Set oven to 425°F. Thoroughly scrub the carrots leaving 1/2”-1” of the tops. Cut in half any significantly larger carrots so that they’re all similar, medium size. Pat or air dry.', 'Then lay on a parchment lined baking sheet in a single layer and cover with oil and season with salt and pepper then cook for 25 minutes until almost tender.', 'Remove from oven, drizzle with honey then put it back in for 5 more minutes.', 'Take out and toss the carrots with butter and parsley in a bowl or in the pan with the parchment removed.']",Can cut in half when cooking for 2... but you shouldn't because they reheat well as leftovers.
